insert into person (id, person_number, first_name, last_name, street,  zip, city, email,phone) values (1, '194399266252', 'Shay', 'Cummings', '4630 Miller Court',  '76202', 'København','donec.feugiat@hotmail.org','1-391-278-3286');
insert into person (id, person_number, first_name, last_name,street,  zip, city, email,phone) values (2, '199629438806', 'Britanni', 'Hamilton','3 Forest Run Lane',  '12687', 'Stockholm','enim.mauris@google.edu','1-301-216-5529');
insert into person (id, person_number, first_name, last_name,street,  zip, city, email,phone) values (3, '190775049192', 'Talon', 'Mooney','10 Gulseth Crossing',  '50430', 'Madrid','non.sapien.molestie@protonmail.com','1-444-672-3497');
insert into person (id, person_number, first_name, last_name,street,  zip, city, email,phone) values (4, '197563794784', 'Emmanuel', 'Mccoy','08 Clarendon Hill',  '87129', 'Malmö','cursus@aol.org','1-711-692-3223');
insert into person (id, person_number, first_name, last_name,street,  zip, city, email,phone) values (5, '198469283309', 'Gloria', 'Conner','814 Una Plaza',  '69603', 'Göteborg','aliquam.auctor.velit@google.couk','1-386-741-4067');
insert into person (id, person_number, first_name, last_name,street,  zip, city, email,phone) values (6, '195896225613', 'Xyla', 'Alvarado','8 Meadow Valley Avenue',  '82742', 'Paris','nisl.sem.consequat@yahoo.org','1-966-342-3548');
insert into person (id, person_number, first_name, last_name,street,  zip, city, email,phone) values (7, '194013647070', 'Oliver', 'Nicholson','3657 Morning Lane',  '66416', 'Belgrad','vel.sapien@icloud.ca','1-741-886-1422');
insert into person (id, person_number, first_name, last_name,street,  zip, city, email,phone) values (8, '196564110907', 'Bradley', 'Knowles','38905 La Follette Alley',  '40359', 'London','risus.varius@icloud.couk','1-945-188-7686');
insert into person (id, person_number, first_name, last_name,street,  zip, city, email,phone) values (9, '196548789240', 'Caesar', 'Preston','816 Knutson Drive',  '86671', 'Rome','phasellus@yahoo.net','1-673-938-7358');
insert into person (id, person_number, first_name, last_name,street,  zip, city, email,phone) values (10, '194232489977', 'Martin', 'Hurley','18 Holy Cross Point',  '73626', 'Turin','magna@google.com','1-155-225-2643');
insert into person (id, person_number, first_name, last_name,street,  zip, city, email,phone) values (11, '196424201843', 'Gisela', 'Johnson','80 Artisan Way',  '44461', 'Milano','nulla.vulputate@yahoo.edu','1-474-414-8157');
insert into person (id, person_number, first_name, last_name,street,  zip, city, email,phone) values (12, '194438495636', 'Ryder', 'Trujillo','598 Monica Lane',  '03912', 'A city','turpis.non@protonmail.com','1-433-811-0252');
insert into person (id, person_number, first_name, last_name,street,  zip, city, email,phone) values (13, '193039561592', 'Luke', 'Schneider','968 Ramsey Lane',  '01905', 'Berlin','est.mauris.rhoncus@aol.com','1-185-986-2183');
insert into person (id, person_number, first_name, last_name,street,  zip, city, email,phone) values (14, '194437475714', 'Jael', 'Coffey','9 Holmberg Way',  '02619', 'Helsinki','elementum@yahoo.org','1-746-452-7481');
insert into person (id, person_number, first_name, last_name,street,  zip, city, email,phone) values (15, '191443339459', 'Zelda', 'Leonard','85 Pepper Wood Terrace',  '13916', 'Oslo','tincidunt@hotmail.com','1-997-373-3198');
insert into person (id, person_number, first_name, last_name,street,  zip, city, email,phone) values (16, '198120673505', 'Constance', 'Talley','2422 New Castle Circle',  '97655', 'Amsterdam','mus.donec@protonmail.ca','1-656-654-6944');
insert into person (id, person_number, first_name, last_name,street,  zip, city, email,phone) values (17, '191446785029', 'Veda', 'Goff','29694 West Crossing',  '72166', 'Linköping','sollicitudin.commodo@icloud.net','1-821-918-9323');
insert into person (id, person_number, first_name, last_name,street,  zip, city, email,phone) values (18, '192291730765', 'Oleg', 'Schwartz','60209 Schurz Pass',  '22880', 'Las Palmas','consequat.dolor.vitae@outlook.couk','1-585-822-4376');
insert into person (id, person_number, first_name, last_name,street,  zip, city, email,phone) values (19, '196573117231', 'Damian', 'Andrews','7 Nova Way',  '78916', 'Umeå','massa.lobortis@icloud.net','1-223-645-7625');
insert into person (id, person_number, first_name, last_name,street,  zip, city, email,phone) values (20, '192280031248', 'Amos', 'Stevenson','78 Bluejay Hill',  '34877', 'Kiev','diam@aol.edu','1-760-267-8824');
insert into person (id, person_number, first_name, last_name,street,  zip, city, email,phone) values (21, '196436046746', 'Karen', 'Hicks','0002 Dottie Terrace',  '32896', 'Katle','morbi.sit.amet@yahoo.org','1-519-135-5468');
insert into person (id, person_number, first_name, last_name,street,  zip, city, email,phone) values (22, '192511972389', 'Emmanuel', 'Durham','82985 Dahle Drive',  '62252', 'Setaka','nisi.nibh.lacinia@hotmail.ca','1-271-471-3066');
insert into person (id, person_number, first_name, last_name,street,  zip, city, email,phone) values (23, '197135476596', 'Violet','Barr', '804 Bobwhite Park',  '34874', 'Matert','curabitur.ut@google.net','1-685-871-1682');
insert into person (id, person_number, first_name, last_name,street,  zip, city, email,phone) values (24, '194844689961', 'Xenos','Foreman', '06 Hintze Circle',  '39301', 'Latert','donec.feugiat@outlook.edu','1-415-127-4468');
insert into person (id, person_number, first_name, last_name,street,  zip, city, email,phone) values (25, '198653873926', 'Joelle', 'Montoya','03 Morrow Street',  '68123', 'Reater','neque.sed.sem@hotmail.net','1-234-332-7731');

insert into price_scheme(id,lesson_type_price,skill_level_price,discount,description) values (1,1000,2000,1000,'Beginner single');
insert into price_scheme(id,lesson_type_price,skill_level_price,discount,description) values (2,2000,4000,0,'Intermediate group');
insert into price_scheme(id,lesson_type_price,skill_level_price,discount,description) values (3,3000,6000,100,'Advanced individual');
insert into price_scheme(id,lesson_type_price,skill_level_price,discount,description) values (4,1000,1000,NULL,'Beginner ensemble');
insert into price_scheme(id,lesson_type_price,skill_level_price,discount,description) values (5,2000,2000,NULL,'Advanced group');
insert into price_scheme(id,lesson_type_price,skill_level_price,discount,description) values (6,3000,3000,NULL,'Advanced ensemble');

insert into classroom(id, description, zip, street, city) values(1,'Located somewere', '12658','Somwhere Road 21', 'Stockholm');
insert into classroom(id, description, zip, street, city) values(2,'Is located somewere', '12658','Somwhere Road 21', 'Stockholm');
insert into classroom(id, description, zip, street, city) values(3,'HAve a location somwere', '12658','Somwhere Road 21', 'Stockholm');

insert into student(id,person_id,price_scheme_id,contact_email,contact_phone) values(1,1,1,'vel@aol.org', '1-241-771-3234');
insert into student(id,person_id,price_scheme_id,contact_email,contact_phone) values(2,2,2,'eget.dictum@yahoo.ca', '(188) 270-7837');
insert into student(id,person_id,price_scheme_id,contact_email,contact_phone) values(3,3,3,'arcu.aliquam@hotmail.couk', '1-326-551-6506');
insert into student(id,person_id,price_scheme_id,contact_email,contact_phone) values(4,4,4,'egestas.duis@google.com', '1-647-531-6836');
insert into student(id,person_id,price_scheme_id,contact_email,contact_phone) values(5,5,5,'eu.metus.in@google.ca', '(967) 378-2565');
insert into student(id,person_id,price_scheme_id,contact_email,contact_phone) values(6,6,6,'dui.nec@yahoo.net', '1-511-747-2124');
insert into student(id,person_id,price_scheme_id,contact_email,contact_phone) values(7,7,1,'commodo@protonmail.couk', '1-116-762-2479');
insert into student(id,person_id,price_scheme_id,contact_email,contact_phone) values(8,8,2,'lorem.donec.elementum@icloud.ca','1-591-718-7884' );
insert into student(id,person_id,price_scheme_id,contact_email,contact_phone) values(9,9,3,'nunc.quis.arcu@yahoo.org', '(603) 812-8076');
insert into student(id,person_id,price_scheme_id,contact_email,contact_phone) values(10,10,4,'non.quam.pellentesque@google.net', '1-948-261-4631');
insert into student(id,person_id,price_scheme_id,contact_email,contact_phone) values(11,11,5,'lectus@icloud.couk', '(642) 436-5340');
insert into student(id,person_id,price_scheme_id,contact_email,contact_phone) values(12,13,6,'posuere.vulputate.lacus@hotmail.net', '(772) 280-2476');
insert into student(id,person_id,price_scheme_id,contact_email,contact_phone) values(13,14,1,'magna.a.neque@google.edu', '(468) 712-7644');
insert into student(id,person_id,price_scheme_id,contact_email,contact_phone) values(14,15,2,'leo.elementum@google.edu', '(656) 523-8333');
insert into student(id,person_id,price_scheme_id,contact_email,contact_phone) values(15,21,2,'leo.elementum@google.edu', '(656) 523-8333');
insert into student(id,person_id,price_scheme_id,contact_email,contact_phone) values(16,22,2,'leo.elementum@google.edu', '(656) 523-8333');

insert into student(id,person_id,price_scheme_id,contact_email,contact_phone) values(17,23,2,'leo.elementum@google.edu', '(656) 523-8333');
insert into student(id,person_id,price_scheme_id,contact_email,contact_phone) values(18,24,2,'leo.elementum@google.edu', '(656) 523-8333');
insert into student(id,person_id,price_scheme_id,contact_email,contact_phone) values(19,25,2,'leo.elementum@google.edu', '(656) 523-8333');
insert into student(id,person_id,price_scheme_id,contact_email,contact_phone) values(20,12,2,'leo.elementum@google.edu', '(656) 523-8333');
insert into student(id,person_id,price_scheme_id,contact_email,contact_phone) values(21,16,2,'leo.elementum@google.edu', '(656) 523-8333');

insert into student_sibling(student_id,sibling_id) values(11,1);
insert into student_sibling(student_id,sibling_id) values(11,2);
insert into student_sibling(student_id,sibling_id) values(11,3);
insert into student_sibling(student_id,sibling_id) values(1,2);
insert into student_sibling(student_id,sibling_id) values(1,3);
insert into student_sibling(student_id,sibling_id) values(1,11);
insert into student_sibling(student_id,sibling_id) values(2,1);
insert into student_sibling(student_id,sibling_id) values(2,3);
insert into student_sibling(student_id,sibling_id) values(2,11);
insert into student_sibling(student_id,sibling_id) values(3,1);
insert into student_sibling(student_id,sibling_id) values(3,2);
insert into student_sibling(student_id,sibling_id) values(3,11);

insert into student_sibling(student_id,sibling_id) values(12,4);
insert into student_sibling(student_id,sibling_id) values(4,12);

insert into student_sibling(student_id,sibling_id) values(13,5);
insert into student_sibling(student_id,sibling_id) values(13,6);
insert into student_sibling(student_id,sibling_id) values(5,13);
insert into student_sibling(student_id,sibling_id) values(5,6);
insert into student_sibling(student_id,sibling_id) values(6,13);
insert into student_sibling(student_id,sibling_id) values(6,5);

insert into student_sibling(student_id,sibling_id) values(14,7);
insert into student_sibling(student_id,sibling_id) values(7,14);

insert into student_sibling(student_id,sibling_id) values(15,8);
insert into student_sibling(student_id,sibling_id) values(15,9);
insert into student_sibling(student_id,sibling_id) values(8,15);
insert into student_sibling(student_id,sibling_id) values(8,9);
insert into student_sibling(student_id,sibling_id) values(9,8);
insert into student_sibling(student_id,sibling_id) values(9,15);


insert into student_sibling(student_id,sibling_id) values(16,10);
insert into student_sibling(student_id,sibling_id) values(10,16);

insert into instructor(id,person_id,price_scheme_id,teach_ensembles) values(1,15,1,TRUE);
insert into instructor(id,person_id,price_scheme_id,teach_ensembles) values(2,16,1,TRUE);
insert into instructor(id,person_id,price_scheme_id,teach_ensembles) values(3,17,1,TRUE);
insert into instructor(id,person_id,price_scheme_id,teach_ensembles) values(4,18,1,TRUE);
insert into instructor(id,person_id,price_scheme_id,teach_ensembles) values(5,19,1,TRUE);
insert into instructor(id,person_id,price_scheme_id,teach_ensembles) values(6,20,1,TRUE);


insert into lesson(id,classroom_id,instructor_id,time,skill_level,lesson_type) values(1,1,1,'2023/12/01 08:00:00','Beginner','Single lesson');
insert into lesson(id,classroom_id,instructor_id,time,skill_level,lesson_type) values(2,1,2,'2023/01/02 09:00:00','Intermediate','Single lesson');
insert into lesson(id,classroom_id,instructor_id,time,skill_level,lesson_type) values(3,1,3,'2023/12/03 10:00:00','Advanced','Single lesson');

insert into lesson(id,classroom_id,instructor_id,time,skill_level,lesson_type) values(24,1,1,'2023/02/04 09:00:00','Beginner','Single lesson');
insert into lesson(id,classroom_id,instructor_id,time,skill_level,lesson_type) values(25,1,2,'2023/12/05 10:00:00','Intermediate','Single lesson');
insert into lesson(id,classroom_id,instructor_id,time,skill_level,lesson_type) values(26,1,3,'2023/03/06 11:00:00','Advanced','Single lesson');

insert into lesson(id,classroom_id,instructor_id,time,skill_level,lesson_type) values(4,2,3,'2023/12/07 10:00:00','Intermediate','Group lesson');
insert into lesson(id,classroom_id,instructor_id,time,skill_level,lesson_type) values(5,2,3,'2023/04/08 10:00:00','Advanced','Group lesson');

insert into lesson(id,classroom_id,instructor_id,time,skill_level,lesson_type) values(6,3,3,'2023/12/11 10:00:00','Advanced','Ensemble');

insert into lesson(id,classroom_id,instructor_id,time,skill_level,lesson_type) values(7,1,1,'2023/05/10 08:00:00','Beginner','Single lesson');
insert into lesson(id,classroom_id,instructor_id,time,skill_level,lesson_type) values(8,1,2,'2023/08/11 09:00:00','Intermediate','Single lesson');
insert into lesson(id,classroom_id,instructor_id,time,skill_level,lesson_type) values(9,1,3,'2023/06/12 10:00:00','Advanced','Single lesson');

insert into lesson(id,classroom_id,instructor_id,time,skill_level,lesson_type) values(10,2,3,'2023/04/13 10:00:00','Intermediate','Group lesson');
insert into lesson(id,classroom_id,instructor_id,time,skill_level,lesson_type) values(11,2,3,'2023/07/14 10:00:00','Advanced','Group lesson');

insert into lesson(id,classroom_id,instructor_id,time,skill_level,lesson_type) values(12,3,3,'2023/12/15 10:00:00','Advanced','Ensemble');

insert into lesson(id,classroom_id,instructor_id,time,skill_level,lesson_type) values(13,1,1,'2023/08/16 08:00:00','Beginner','Single lesson');
insert into lesson(id,classroom_id,instructor_id,time,skill_level,lesson_type) values(14,1,2,'2023/06/17 09:00:00','Intermediate','Single lesson');
insert into lesson(id,classroom_id,instructor_id,time,skill_level,lesson_type) values(15,1,4,'2023/09/14 10:00:00','Advanced','Single lesson');

insert into lesson(id,classroom_id,instructor_id,time,skill_level,lesson_type) values(27,1,1,'2023/05/15 14:00:00','Beginner','Single lesson');
insert into lesson(id,classroom_id,instructor_id,time,skill_level,lesson_type) values(28,1,2,'2023/10/16 15:00:00','Intermediate','Single lesson');
insert into lesson(id,classroom_id,instructor_id,time,skill_level,lesson_type) values(29,1,4,'2023/04/17 16:00:00','Advanced','Single lesson');


insert into lesson(id,classroom_id,instructor_id,time,skill_level,lesson_type) values(30,1,1,'2023/03/11 14:00:00','Beginner','Single lesson');
insert into lesson(id,classroom_id,instructor_id,time,skill_level,lesson_type) values(31,1,2,'2023/11/12 15:00:00','Intermediate','Single lesson');
insert into lesson(id,classroom_id,instructor_id,time,skill_level,lesson_type) values(32,1,4,'2023/02/05 16:00:00','Advanced','Single lesson');

insert into lesson(id,classroom_id,instructor_id,time,skill_level,lesson_type) values(16,2,4,'2023/01/06 10:00:00','Intermediate','Group lesson');
insert into lesson(id,classroom_id,instructor_id,time,skill_level,lesson_type) values(17,2,4,'2023/01/07 10:00:00','Advanced','Group lesson');

insert into lesson(id,classroom_id,instructor_id,time,skill_level,lesson_type) values(18,3,4,'2023/12/16 10:00:00','Advanced','Ensemble');
insert into lesson(id,classroom_id,instructor_id,time,skill_level,lesson_type) values(19,3,4,'2023/12/17 10:00:00','Advanced','Ensemble');
insert into lesson(id,classroom_id,instructor_id,time,skill_level,lesson_type) values(20,3,4,'2023/12/12 10:00:00','Intermediate','Ensemble');
insert into lesson(id,classroom_id,instructor_id,time,skill_level,lesson_type) values(21,3,4,'2023/12/18 10:00:00','Intermediate','Ensemble');
insert into lesson(id,classroom_id,instructor_id,time,skill_level,lesson_type) values(22,3,4,'2023/12/12 10:00:00','Beginner','Ensemble');
insert into lesson(id,classroom_id,instructor_id,time,skill_level,lesson_type) values(23,3,4,'2023/12/13 10:00:00','Beginner','Ensemble');


insert into instrument(id,brand,type) values(1,'piano', 'G Brand');
insert into instrument(id,brand,type) values(2,'Guitar', 'G Brand');
insert into instrument(id,brand,type) values(3,'Flute', 'G Brand');
insert into instrument(id,brand,type) values(4,'A instrument', 'G Brand');
insert into instrument(id,brand,type) values(5,'Kvargiurt', 'D Brand');

insert into instrument(id,brand,type) values(6,'A Instrument', 'D Brand');
insert into instrument(id,brand,type) values(7,'B Instrument', 'F Brand');
insert into instrument(id,brand,type) values(8,'C Instrument', 'G Brand');
insert into instrument(id,brand,type) values(9,'D Instrument', 'H Brand');
insert into instrument(id,brand,type) values(10,'E Instrument', 'H Brand');

insert into instrument(id,brand,type) values(11,'Kvargiurt', 'K Brand');

insert into rented_instrument(instrument_id,student_id,time_rented,price,is_available) values(1,14,'2023/02/24 08:00:00',5000,FALSE);
insert into rented_instrument(instrument_id,student_id,time_rented,price,is_available) values(2,13,'2023/03/27 08:00:00',500,FALSE);
insert into rented_instrument(instrument_id,student_id,time_rented,price,is_available) values(3,12,'2023/03/27 08:00:00',250,FALSE);
insert into rented_instrument(instrument_id,student_id,time_rented,price,is_available) values(4,NULL,NULL,800,TRUE);
insert into rented_instrument(instrument_id,student_id,time_rented,price,is_available) values(5,NULL,NULL,1000,TRUE);

insert into instrument_in_lesson(instrument_id,lesson_id,is_available) values(6,1,FALSE);
insert into instrument_in_lesson(instrument_id,lesson_id,is_available) values(7,2,FALSE);
insert into instrument_in_lesson(instrument_id,lesson_id,is_available) values(8,3,FALSE);
insert into instrument_in_lesson(instrument_id,lesson_id,is_available) values(9,4,FALSE);
insert into instrument_in_lesson(instrument_id,lesson_id,is_available) values(10,4,FALSE);
insert into instrument_in_lesson(instrument_id,lesson_id,is_available) values(11,4,FALSE);

insert into instrument_instructor(instrument_id,instructor_id) values(1,1);
insert into instrument_instructor(instrument_id,instructor_id) values(1,2);
insert into instrument_instructor(instrument_id,instructor_id) values(2,3);
insert into instrument_instructor(instrument_id,instructor_id) values(3,4);
insert into instrument_instructor(instrument_id,instructor_id) values(4,5);
insert into instrument_instructor(instrument_id,instructor_id) values(5,6);

insert into student_lesson(student_id,lesson_id) values(5,1);
insert into student_lesson(student_id,lesson_id) values(6,2);
insert into student_lesson(student_id,lesson_id) values(7,3);

insert into student_lesson(student_id,lesson_id) values(7,4);
insert into student_lesson(student_id,lesson_id) values(8,4);
insert into student_lesson(student_id,lesson_id) values(9,4);

insert into student_lesson(student_id,lesson_id) values(10,5);
insert into student_lesson(student_id,lesson_id) values(11,5);
insert into student_lesson(student_id,lesson_id) values(12,5);

insert into student_lesson(student_id,lesson_id) values(1,6);
insert into student_lesson(student_id,lesson_id) values(2,6);
insert into student_lesson(student_id,lesson_id) values(3,6);
insert into student_lesson(student_id,lesson_id) values(4,6);
insert into student_lesson(student_id,lesson_id) values(5,6);

insert into student_lesson(student_id,lesson_id) values(6,6);
insert into student_lesson(student_id,lesson_id) values(7,6);
insert into student_lesson(student_id,lesson_id) values(8,12);
insert into student_lesson(student_id,lesson_id) values(9,12);
insert into student_lesson(student_id,lesson_id) values(10,12);

insert into student_lesson(student_id,lesson_id) values(11,12);
insert into student_lesson(student_id,lesson_id) values(12,12);
insert into student_lesson(student_id,lesson_id) values(13,12);
insert into student_lesson(student_id,lesson_id) values(14,12);
insert into student_lesson(student_id,lesson_id) values(15,18);

insert into student_lesson(student_id,lesson_id) values(16,18);
insert into student_lesson(student_id,lesson_id) values(1,18);
insert into student_lesson(student_id,lesson_id) values(2,18);  
insert into student_lesson(student_id,lesson_id) values(3,18);
insert into student_lesson(student_id,lesson_id) values(4,19);

insert into student_lesson(student_id,lesson_id) values(5,19);
insert into student_lesson(student_id,lesson_id) values(6,19);
insert into student_lesson(student_id,lesson_id) values(7,19);
insert into student_lesson(student_id,lesson_id) values(8,19);
insert into student_lesson(student_id,lesson_id) values(9,19);

insert into student_lesson(student_id,lesson_id) values(10,19);
insert into student_lesson(student_id,lesson_id) values(11,19);
insert into student_lesson(student_id,lesson_id) values(12,20);
insert into student_lesson(student_id,lesson_id) values(13,20);
insert into student_lesson(student_id,lesson_id) values(14,20);

insert into student_lesson(student_id,lesson_id) values(15,20);
insert into student_lesson(student_id,lesson_id) values(16,20);
insert into student_lesson(student_id,lesson_id) values(1,21);
insert into student_lesson(student_id,lesson_id) values(2,21);
insert into student_lesson(student_id,lesson_id) values(3,21);

insert into student_lesson(student_id,lesson_id) values(4,21);
insert into student_lesson(student_id,lesson_id) values(5,21);
insert into student_lesson(student_id,lesson_id) values(6,22);
insert into student_lesson(student_id,lesson_id) values(7,22);
insert into student_lesson(student_id,lesson_id) values(8,22);

insert into student_lesson(student_id,lesson_id) values(9,22);
insert into student_lesson(student_id,lesson_id) values(10,22);
insert into student_lesson(student_id,lesson_id) values(11,23);
insert into student_lesson(student_id,lesson_id) values(12,23);
insert into student_lesson(student_id,lesson_id) values(13,23);
insert into student_lesson(student_id,lesson_id) values(11,22);
insert into student_lesson(student_id,lesson_id) values(12,22);
insert into student_lesson(student_id,lesson_id) values(1,23);
insert into student_lesson(student_id,lesson_id) values(2,23);

insert into single_lesson(lesson_id) values(1);
insert into single_lesson(lesson_id) values(2);
insert into single_lesson(lesson_id) values(3);

insert into single_lesson(lesson_id) values(7);
insert into single_lesson(lesson_id) values(8);
insert into single_lesson(lesson_id) values(9);

insert into single_lesson(lesson_id) values(13);
insert into single_lesson(lesson_id) values(14);
insert into single_lesson(lesson_id) values(15);

insert into single_lesson(lesson_id) values(24);
insert into single_lesson(lesson_id) values(25);
insert into single_lesson(lesson_id) values(26);

insert into single_lesson(lesson_id) values(27);
insert into single_lesson(lesson_id) values(28);
insert into single_lesson(lesson_id) values(29);

insert into group_lesson(lesson_id, max_students, min_students) values(4,3,2);
insert into group_lesson(lesson_id, max_students, min_students) values(5,3,2);

insert into group_lesson(lesson_id, max_students, min_students) values(10,3,2);
insert into group_lesson(lesson_id, max_students, min_students) values(11,3,2);

insert into group_lesson(lesson_id, max_students, min_students) values(16,3,2);
insert into group_lesson(lesson_id, max_students, min_students) values(17,3,2);

insert into ensemble(lesson_id,genre,min_students,max_students) values(6,'Music A',5,7);
insert into ensemble(lesson_id,genre,min_students,max_students) values(12,'Music B',5,7);
insert into ensemble(lesson_id,genre,min_students,max_students) values(18,'Music C',5,7);
insert into ensemble(lesson_id,genre,min_students,max_students) values(19,'Music A',5,7);
insert into ensemble(lesson_id,genre,min_students,max_students) values(20,'Music B',5,7);
insert into ensemble(lesson_id,genre,min_students,max_students) values(21,'Music B',5,7);
insert into ensemble(lesson_id,genre,min_students,max_students) values(22,'Music A',5,7);
insert into ensemble(lesson_id,genre,min_students,max_students) values(23,'Music B',5,7);

